<ImportExportXml xmlns:xsi="http://www.w3.org/2001/XMLSchema-instance">
  <Entities></Entities>
  <Roles></Roles>
  <Workflows></Workflows>
  <FieldSecurityProfiles></FieldSecurityProfiles>
  <Templates />
  <EntityMaps />
  <EntityRelationships />
  <OrganizationSettings />
  <optionsets />
  <CustomControls />
  <EntityDataProviders />
  <CanvasApps>
    <CanvasApp>
      <Name>haddley_headers_3f588</Name>
      <AppVersion>2022-05-07T02:18:43Z</AppVersion>
      <Status>Ready</Status>
      <CreatedByClientVersion>3.22043.27.0</CreatedByClientVersion>
      <MinClientVersion>3.22043.27.0</MinClientVersion>
      <Tags>{"primaryDeviceWidth":"640","primaryDeviceHeight":"88","supportsPortrait":"true","supportsLandscape":"true","primaryFormFactor":"Phone","publisherVersion":"3.22043.27","minimumRequiredApiVersion":"2.2.0","hasComponent":"true","hasUnlockedComponent":"true","isUnifiedRootApp":"false","sienaVersion":"20220507T015020Z-3.22043.27.0"}</Tags>
      <IsCdsUpgraded>0</IsCdsUpgraded>
      <GalleryItemId xsi:nil="true"></GalleryItemId>
      <BackgroundColor>RGBA(251,101,60,255)</BackgroundColor>
      <DisplayName>Headers</DisplayName>
      <Description xsi:nil="true"></Description>
      <CommitMessage xsi:nil="true"></CommitMessage>
      <Publisher xsi:nil="true"></Publisher>
      <AuthorizationReferences>[]</AuthorizationReferences>
      <ConnectionReferences>{}</ConnectionReferences>
      <DatabaseReferences>{}</DatabaseReferences>
      <AppComponents>[{"appComponentName":"612d447ca4364e618d98cef091ede538","displayName":"EditHeader","appName":"bbacf244-6833-4013-b3a9-e88801924d4e","appVersion":"2022-05-07T02:18:43Z","appComponentLibraryLogicalName":"haddley_headers_3f588","appDisplayName":"Headers","environmentName":"default-1661e837-0a95-4bc6-a655-865365c2419b","owner":{"id":"dba1962f-7f12-446a-a5d5-72717e5b30ce","displayName":"Neil Haddley","email":"neil@haddleyoffice365.onmicrosoft.com","type":"User","tenantId":"1661e837-0a95-4bc6-a655-865365c2419b","userPrincipalName":"neil@haddleyoffice365.onmicrosoft.com"},"allowCustomization":true,"createdOn":"2021-07-13T07:03:14.42Z","lastModifiedOn":"2022-05-07T01:50:55.997Z","connectionReferences":{},"databaseReferences":{}},{"appComponentName":"cf568b52ac264936ab86589ced194dfd","displayName":"BrowseHeader","appName":"bbacf244-6833-4013-b3a9-e88801924d4e","appVersion":"2022-05-07T02:18:43Z","appComponentLibraryLogicalName":"haddley_headers_3f588","appDisplayName":"Headers","environmentName":"default-1661e837-0a95-4bc6-a655-865365c2419b","owner":{"id":"dba1962f-7f12-446a-a5d5-72717e5b30ce","displayName":"Neil Haddley","email":"neil@haddleyoffice365.onmicrosoft.com","type":"User","tenantId":"1661e837-0a95-4bc6-a655-865365c2419b","userPrincipalName":"neil@haddleyoffice365.onmicrosoft.com"},"allowCustomization":true,"createdOn":"2021-07-13T07:03:14.42Z","lastModifiedOn":"2022-05-07T01:50:55.997Z","connectionReferences":{},"databaseReferences":{}},{"appComponentName":"4a1005ab3a7e4e6eb4a22de58bd74748","displayName":"DetailHeader","appName":"bbacf244-6833-4013-b3a9-e88801924d4e","appVersion":"2022-05-07T02:18:43Z","appComponentLibraryLogicalName":"haddley_headers_3f588","appDisplayName":"Headers","environmentName":"default-1661e837-0a95-4bc6-a655-865365c2419b","owner":{"id":"dba1962f-7f12-446a-a5d5-72717e5b30ce","displayName":"Neil Haddley","email":"neil@haddleyoffice365.onmicrosoft.com","type":"User","tenantId":"1661e837-0a95-4bc6-a655-865365c2419b","userPrincipalName":"neil@haddleyoffice365.onmicrosoft.com"},"allowCustomization":true,"createdOn":"2021-07-13T07:03:14.42Z","lastModifiedOn":"2022-05-07T01:50:55.997Z","connectionReferences":{},"databaseReferences":{}}]</AppComponents>
      <AppComponentDependencies>[]</AppComponentDependencies>
      <CanConsumeAppPass>1</CanConsumeAppPass>
      <CanvasAppType>1</CanvasAppType>
      <BypassConsent>0</BypassConsent>
      <AdminControlBypassConsent>0</AdminControlBypassConsent>
      <EmbeddedApp xsi:nil="true"></EmbeddedApp>
      <IntroducedVersion>1.0</IntroducedVersion>
      <CdsDependencies>{"cdsdependencies":[]}</CdsDependencies>
      <IsCustomizable>1</IsCustomizable>
      <BackgroundImageUri>/CanvasApps/haddley_headers_3f588_BackgroundImageUri</BackgroundImageUri>
      <DocumentUri>/CanvasApps/haddley_headers_3f588_DocumentUri.msapp</DocumentUri>
    </CanvasApp>
  </CanvasApps>
  <Languages>
    <Language>1033</Language>
  </Languages>
</ImportExportXml>